Name,EclipticLatitude,EclipticLongitude,Mass1,Mass2,Spin1,Spin2,Inclination,InitialFrequency,InitialPhase,Polarization,Redshift,Distance,ObservationDuration,Cadence
Source 1,0.9518812948134224,5.683862510600368,35.43281525572797,32.08923154329525,0.7636211280493087,0.2067131057934291,2.9793260299078144,0.0058583066465971,3.3944364522737223,3.176550193297349,0.0348754946741582,159.90495375029715,63116299.52709119,5
Source 2,0.5057037593347617,3.403434564411587,46.748179408653414,46.041422997717795,-0.1398674961864832,-0.3157251541830558,0.5325877317543566,0.0027848569556698,0.1,0.3786231075100291,0.0205110563325068,93.06137383548256,63116299.52709119,5
Source 3,-0.1844567391655738,4.610949034695208,52.51908666176349,30.37192866882148,0.1950474834394768,-0.0519649961499391,2.0328325463167904,0.0030069859605662,0.5832650176895217,2.9931485625267116,0.010434492951765,46.98888504449902,63116299.52709119,5
Source 5,0.0781507223261277,3.5044155647763087,34.49963610932642,28.80245057644044,-0.6819472785102786,-0.3857567577890595,0.738222590767585,0.0122427303227647,1.9965777793971455,1.8611108912812917,0.0366613799266575,168.31023557983755,63116299.52709119,5
Source 6,-0.6469000378875398,1.903787913442708,8.571895177618046,7.56464705151631,0.2105537210491173,-0.5993856233028204,1.0525304375596671,0.0280235227224334,0.3877891390311909,2.301022046355923,0.0038618328305544,17.30476655426082,63116299.52709119,5
Source 8,0.1045606525314428,1.691095472197682,33.7123620774547,19.926473402965023,-0.0224948061957956,0.0323512914968991,1.526063130288139,0.0276543852705968,2.186094355984163,1.6244947826050105,0.0075693864999799,34.013333941131634,63116299.52709119,5
Source 9,-0.6541824322311898,0.8026227420335899,30.724618527433364,29.227329283435036,0.1236504754458386,0.0783721879559772,2.0750895403261023,0.023767837718067,1.3415791336892686,5.38484694987666,0.0188762847648115,85.54069559754228,63116299.52709119,5
Source 10,-1.2358020360270012,3.2884910809692625,48.08772202215861,42.09331486899339,-0.1102261196608503,0.194370363157691,2.685023450916262,0.0113111271669678,3.1389137512984147,1.9995546766869885,0.0367889424541027,168.91140735042137,63116299.52709119,5
