Name,EclipticLatitude,EclipticLongitude,Mass1,Mass2,Spin1,Spin2,Inclination,InitialFrequency,InitialPhase,Polarization,Redshift,Distance,ObservationDuration,Cadence
b'sobhb1',0.9518812948134223,5.683862510600368,35.43281525572797,32.08923154329525,0.7636211280493087,0.2067131057934291,2.9793260299078144,0.0058583066465971514,3.3944364522737223,3.176550193297349,0.03487549467415829,159.90495375029715,63116299.52709119,5
b'sobhb5',0.07815072232612774,3.5044155647763087,34.49963610932642,28.80245057644044,-0.6819472785102786,-0.3857567577890595,0.738222590767585,0.012242730322764767,1.9965777793971458,1.8611108912812915,0.0366613799266575,168.31023557983755,63116299.52709119,5
b'sobhb8',0.10456065253144287,1.6910954721976819,33.7123620774547,19.926473402965023,-0.022494806195795605,0.032351291496899186,1.5260631302881387,0.02765438527059687,2.186094355984163,1.6244947826050105,0.007569386499979922,34.013333941131634,63116299.52709119,5
b'sobhb9',-0.6541824322311898,0.8026227420335899,30.724618527433364,29.227329283435036,0.12365047544583867,0.07837218795597727,2.0750895403261023,0.023767837718067057,1.3415791336892686,5.38484694987666,0.018876284764811506,85.54069559754228,63116299.52709119,5
b'sobhb10',-1.2358020360270012,3.2884910809692625,48.08772202215861,42.09331486899339,-0.11022611966085034,0.19437036315769102,2.685023450916262,0.011311127166967897,3.1389137512984147,1.9995546766869883,0.03678894245410274,168.91140735042137,63116299.52709119,5
